{
  "labels": [
    "irrelevant",
    "no_visit_rant",
    "none"
  ],
  "classification_report": {
    "irrelevant": {
      "precision": 0.0,
      "recall": 0.0,
      "f1-score": 0.0,
      "support": 1.0
    },
    "no_visit_rant": {
      "precision": 0.0,
      "recall": 0.0,
      "f1-score": 0.0,
      "support": 1.0
    },
    "none": {
      "precision": 0.9896907216494846,
      "recall": 0.9696969696969697,
      "f1-score": 0.9795918367346939,
      "support": 198.0
    },
    "accuracy": 0.96,
    "macro avg": {
      "precision": 0.32989690721649484,
      "recall": 0.32323232323232326,
      "f1-score": 0.32653061224489793,
      "support": 200.0
    },
    "weighted avg": {
      "precision": 0.9797938144329897,
      "recall": 0.96,
      "f1-score": 0.969795918367347,
      "support": 200.0
    }
  },
  "confusion_matrix": [
    [
      0,
      0,
      1
    ],
    [
      0,
      0,
      1
    ],
    [
      6,
      0,
      192
    ]
  ],
  "micro_f1": 0.96,
  "macro_f1": 0.32653061224489793,
  "weighted_f1": 0.969795918367347,
  "n_train": 800,
  "n_test": 200,
  "test_size": 0.2,
  "random_state": 42
}